 {
  "project_info": {
    "project_number": "1057452520036",
    "project_id": "ultimategym-12073",
    "storage_bucket": "ultimategym-12073.appspot.com"
  },
  "client": [
    {
      "client_info": {
        "mobilesdk_app_id": "1:1057452520036:android:a149b1888a4f5bc0e82571",
        "android_client_info": {
          "package_name": "com.dam.ultimategym"
        }
      },
      "oauth_client": [
        {
          "client_id": "1057452520036-u1p5i2bb75a881fjbdfnl4a9ai8lav20.apps.googleusercontent.com",
          "client_type": 1,
          "android_info": {
            "package_name": "com.dam.ultimategym",
            "certificate_hash": "7ecedd7755db351c393f17d3cc07b81f2ddf2c77"
          }
        },
        {
          "client_id": "1057452520036-2lhh9j107v1jdrd9eq2pc2bouhj95ufb.apps.googleusercontent.com",
          "client_type": 3
        }
      ],
      "api_key": [
        {
          "current_key": "AIzaSyCtOsUrruxtG9qR1dRYYP1S7hx9QzerjQo"
        }
      ],
      "services": {
        "appinvite_service": {
          "other_platform_oauth_client": [
            {
              "client_id": "1057452520036-2lhh9j107v1jdrd9eq2pc2bouhj95ufb.apps.googleusercontent.com",
              "client_type": 3
            }
          ]
        }
      }
    }
  ],
  "configuration_version": "1"
}